state_omitted,estimate_pp,std_error_pp,conf_low_pp,conf_high_pp,p_value,change_from_baseline_pp
AL,-0.812,0.171,-1.161,-0.464,0,-0.09
CA,-0.682,0.214,-1.119,-0.244,0.003,0.041
CO,-0.763,0.199,-1.17,-0.357,0.001,-0.041
CT,-0.699,0.205,-1.117,-0.28,0.002,0.024
DC,-0.717,0.207,-1.141,-0.294,0.002,0.005
DE,-0.727,0.205,-1.146,-0.309,0.001,-0.005
FL,-0.69,0.236,-1.172,-0.208,0.007,0.032
GA,-0.706,0.227,-1.17,-0.242,0.004,0.017
IA,-0.737,0.204,-1.153,-0.32,0.001,-0.014
IL,-0.718,0.207,-1.142,-0.294,0.002,0.004
IN,-0.748,0.203,-1.164,-0.333,0.001,-0.026
LA,-0.719,0.211,-1.151,-0.288,0.002,0.003
MA,-0.742,0.21,-1.171,-0.313,0.001,-0.02
MD,-0.728,0.205,-1.148,-0.309,0.001,-0.006
MI,-0.725,0.205,-1.145,-0.305,0.001,-0.003
MN,-0.724,0.205,-1.142,-0.305,0.001,-0.001
MO,-0.724,0.21,-1.154,-0.294,0.002,-0.001
NC,-0.581,0.191,-0.972,-0.19,0.005,0.141
NH,-0.725,0.205,-1.144,-0.307,0.001,-0.003
NJ,-0.692,0.205,-1.111,-0.272,0.002,0.031
NY,-0.72,0.213,-1.157,-0.284,0.002,0.002
OH,-0.715,0.206,-1.135,-0.294,0.002,0.007
PA,-0.689,0.205,-1.109,-0.268,0.002,0.034
RI,-0.704,0.204,-1.123,-0.286,0.002,0.018
SC,-0.725,0.205,-1.143,-0.306,0.001,-0.002
TN,-0.725,0.21,-1.155,-0.295,0.002,-0.003
TX,-0.722,0.254,-1.241,-0.202,0.008,0
UT,-0.747,0.205,-1.167,-0.327,0.001,-0.025
VA,-0.761,0.2,-1.17,-0.352,0.001,-0.039
WA,-0.721,0.206,-1.141,-0.3,0.001,0.002
WI,-0.77,0.203,-1.185,-0.354,0.001,-0.047
