state_omitted,estimate,std_error,conf_low,conf_high,p_value,estimate_pp,conf_low_pp,conf_high_pp
AL,-0.008124670882734532,0.00170614422810724,-0.01161412763181308,-0.004635214133655984,4.913614601789816e-5,-0.8124670882734532,-1.161412763181308,-0.46352141336559843
CA,-0.006817008309406044,0.0021400410930832005,-0.011193883788361877,-0.0024401328304502097,0.00344394056562303,-0.6817008309406044,-1.1193883788361878,-0.24401328304502096
CO,-0.007631412705834427,0.001987371488555477,-0.011696043784157483,-0.0035667816275113708,6.16726499779669e-4,-0.7631412705834427,-1.1696043784157484,-0.35667816275113706
CT,-0.006986258852229768,0.002046938186315095,-0.011172717506494755,-0.0027998001979647807,0.001914360173356945,-0.6986258852229768,-1.1172717506494754,-0.2799800197964781
DC,-0.007174206781857362,0.0020712240873210436,-0.011410335680745615,-0.0029380778829691083,0.001676589017588115,-0.7174206781857362,-1.1410335680745616,-0.29380778829691084
DE,-0.007274435888562313,0.002045043067139849,-0.011457018588914713,-0.0030918531882099132,0.001311512990328686,-0.7274435888562313,-1.1457018588914714,-0.3091853188209913
FL,-0.006899775266304503,0.0023565709259784485,-0.01171950397790374,-0.0020800465547052673,0.006577819574468042,-0.6899775266304503,-1.171950397790374,-0.20800465547052674
GA,-0.00705776475387091,0.00226985964899323,-0.011700148991472798,-0.0024153805162690223,0.004178383627018152,-0.705776475387091,-1.1700148991472799,-0.24153805162690223
IA,-0.007366492525268425,0.0020362206361074905,-0.011531031328157772,-0.0032019537223790763,0.0011170939297790205,-0.7366492525268424,-1.1531031328157773,-0.3201953722379076
IL,-0.0071805689629384556,0.0020711532150663047,-0.011416552911790511,-0.002944585014086399,0.0016626293655546977,-0.7180568962938455,-1.1416552911790512,-0.29445850140863994
IN,-0.007483658395179253,0.0020306913801073,-0.011636888599798072,-0.0033304281905604336,9.33417685827802e-4,-0.7483658395179252,-1.1636888599798072,-0.3330428190560434
LA,-0.0071949951251051945,0.002108670492400072,-0.011507710521652385,-0.0028822797285580036,0.0019190025218785416,-0.7194995125105195,-1.1507710521652386,-0.2882279728558004
MA,-0.00741941003425583,0.0020992302587797998,-0.011712817985174182,-0.0031260020833374777,0.001392670404746219,-0.741941003425583,-1.1712817985174182,-0.31260020833374774
MD,-0.007284525243271632,0.002051399493883568,-0.01148010829601833,-0.0030889421905249334,0.0013328171396784821,-0.7284525243271632,-1.148010829601833,-0.30889421905249337
MI,-0.007249465294914145,0.0020536870249723846,-0.011449726874050992,-0.003049203715777299,0.0014088098533583879,-0.7249465294914146,-1.1449726874050992,-0.3049203715777299
MN,-0.007235351680486807,0.002047253127718094,-0.011422454462244741,-0.0030482488987288716,0.0013933036496820545,-0.7235351680486807,-1.1422454462244742,-0.30482488987288714
MO,-0.007237449559283085,0.002102853309283798,-0.011538267480487158,-0.002936631638079012,0.0017760962916563354,-0.7237449559283085,-1.1538267480487159,-0.2936631638079012
NC,-0.005812588700687946,0.0019120263959485405,-0.009723121762222061,-0.0019020556391538294,0.004975385798841662,-0.5812588700687946,-0.9723121762222061,-0.19020556391538293
NH,-0.007251658238050219,0.002046441882552168,-0.011437101837147766,-0.0030662146389526723,0.001359304514299145,-0.7251658238050218,-1.1437101837147765,-0.30662146389526723
NJ,-0.006915684648805451,0.002052203928917105,-0.011112912955927909,-0.002718456341682993,0.0021419624919765973,-0.6915684648805451,-1.111291295592791,-0.27184563416829927
NY,-0.0072043384668822865,0.0021334993862469295,-0.011567834653106436,-0.002840842280658136,0.0021039485219197986,-0.7204338466882286,-1.1567834653106437,-0.2840842280658136
OH,-0.00714856235300102,0.0020560886616381472,-0.011353735830636317,-0.0029433888753657225,0.0016202998497367408,-0.714856235300102,-1.1353735830636318,-0.2943388875365722
PA,-0.006886724678621451,0.0020548146341011608,-0.011089292477373211,-0.002684156879869692,0.002246624197534698,-0.6886724678621451,-1.1089292477373212,-0.2684156879869692
RI,-0.007044038787987038,0.002044951811913305,-0.01122643485044511,-0.002861642725528966,0.0017628095745181487,-0.7044038787987038,-1.122643485044511,-0.2861642725528966
SC,-0.007245348922762607,0.0020467745748543177,-0.01143147295401822,-0.003059224891506995,0.0013724838078835737,-0.7245348922762607,-1.143147295401822,-0.30592248915069953
TN,-0.007248766896918951,0.002101124467147404,-0.011546048938939103,-0.002951484854898799,0.001738314841509989,-0.7248766896918951,-1.1546048938939104,-0.29514848548987993
TX,-0.007219238756630558,0.002540198029552099,-0.012414527063557595,-0.00202395044970352,0.008123551857915566,-0.7219238756630558,-1.2414527063557594,-0.20239504497035202
UT,-0.007469269015065521,0.0020521213440806664,-0.011666328417232504,-0.0032722096128985374,0.0010535702057059624,-0.746926901506552,-1.1666328417232503,-0.32722096128985373
VA,-0.007609768599717907,0.001999601890744975,-0.011699413659134128,-0.0035201235403016845,6.76345739244689e-4,-0.7609768599717907,-1.1699413659134128,-0.35201235403016845
WA,-0.0072069447504277215,0.0020554547012154715,-0.011410821633414624,-0.0030030678674408196,0.0014995885827584932,-0.7206944750427722,-1.1410821633414625,-0.30030678674408195
WI,-0.00769773712698004,0.0020316793866171383,-0.0118529880317994,-0.0035424862221606797,7.075329901656419e-4,-0.769773712698004,-1.18529880317994,-0.35424862221606795
